{
  "formatVersion": 1,
  "database": {
    "version": 1,
    "identityHash": "bd91bfdb0840c38b174b3f49b8154d9e",
    "entities": [
      {
        "tableName": "recently_played_table",
        "createSql": "CREATE TABLE IF NOT EXISTS `${TABLE_NAME}` (`id` TEXT NOT NULL, `path` TEXT NOT NULL, `artist` TEXT NOT NULL, `album` TEXT NOT NULL, `title` TEXT NOT NULL, `duration` INTEGER NOT NULL, `entryDate` INTEGER NOT NULL, PRIMARY KEY(`id`))",
        "fields": [
          {
            "fieldPath": "id",
            "columnName": "id",
            "affinity": "TEXT",
            "notNull": true
          },
          {
            "fieldPath": "path",
            "columnName": "path",
            "affinity": "TEXT",
            "notNull": true
          },
          {
            "fieldPath": "artist",
            "columnName": "artist",
            "affinity": "TEXT",
            "notNull": true
          },
          {
            "fieldPath": "album",
            "columnName": "album",
            "affinity": "TEXT",
            "notNull": true
          },
          {
            "fieldPath": "title",
            "columnName": "title",
            "affinity": "TEXT",
            "notNull": true
          },
          {
            "fieldPath": "duration",
            "columnName": "duration",
            "affinity": "INTEGER",
            "notNull": true
          },
          {
            "fieldPath": "entryDate",
            "columnName": "entryDate",
            "affinity": "INTEGER",
            "notNull": true
          }
        ],
        "primaryKey": {
          "columnNames": [
            "id"
          ],
          "autoGenerate": false
        },
        "indices": [],
        "foreignKeys": []
      }
    ],
    "views": [],
    "setupQueries": [
      "CREATE TABLE IF NOT EXISTS room_master_table (id INTEGER PRIMARY KEY,identity_hash TEXT)",
      "INSERT OR REPLACE INTO room_master_table (id,identity_hash) VALUES(42, 'bd91bfdb0840c38b174b3f49b8154d9e')"
    ]
  }
}